city,state,mean site eui,mean site eui res,mean source eui,mean source eui res,CDD,HDD,Tavg,Trange,Tmax,Tmin,Prcp,Snow
Birmingham,AL,143.6476419,50.020103315436074,400.5950342,96.55702205262277,1933,2770,62.78,22.46,73.94,51.44,5712,8
Mobile,AL,107.08497849999999,50.998701660588395,315.9074426,117.94036254027884,2537,1656,67.46,18.68,76.64,58.1,6528,2
Anchorage,AK,133.1116532,55.616592333785896,270.5060111,86.47461372653328,3,10201,37.04,14.0,44.06,30.02,1667,821
Phoenix,AZ,66.83963638,34.146044625080535,200.3537353,95.2921750039577,3741,1359,71.42,34.34,88.7,54.32,876,0
Mesa,AZ,90.42759114,30.461338998448092,278.819932,95.64860445512699,3592,1462,70.88,27.68,84.56,57.02,943,0
Tucson,AZ,111.3800858,32.4129793531891,331.2889085,84.47275092717216,1946,2486,63.5,37.22,82.04,44.96,1390,23
Yuma,AZ,89.96393597,43.328681604799584,275.58844300000004,129.80251860645183,3811,1129,72.32,29.84,87.26,57.38,368,0
Little Rock,AR,124.1508758,61.01552977144426,334.4675339,139.29953694243505,2170,3006,62.78,18.68,71.96,53.24,5468,44
Fayetteville,AR,136.07864540000003,35.15519178707097,364.64534629999997,88.43843870762902,1517,4013,58.28,20.84,68.54,47.66,4553,43
Conway,AR,113.4516199,38.97974491914665,312.37262589999995,122.3963990461205,1843,3472,60.44000000000001,22.82,71.96,49.1,4908,41
Los Angeles,CA,81.08795102,27.359427223840882,220.28629730000003,54.78671895956375,1638,880,67.1,22.64,78.44,55.76,2297,0
San Francisco,CA,64.64098582,40.11088700184683,158.42825469999997,64.41536971031869,174,2701,58.1,19.4,67.82,48.38,2674,0
San Diego,CA,60.451393200000005,32.1162500967872,145.16032719999998,62.232609010638505,1241,1909,63.14,21.92,74.12,52.16,1677,1
San Jose,CA,81.37019325,34.09958826714859,222.4191151,63.06224212589425,395,2735,58.64,30.2,73.75999999999998,43.52,5048,1
Denver,CO,96.39357945,41.870882327092815,222.0623775,98.11788128048558,15,8879,40.64,31.64,56.66,24.8,1773,857
Colorado Springs,CO,109.03124479999998,63.695016065901505,263.50647200000003,106.58351429761032,6,9474,39.02,27.32,52.88,25.34,1882,249
Fort Collins,CO,65.14891293,36.452121154037755,130.8245304,89.90251205403592,250,7381,45.32,22.64,56.66,34.16,2162,1661
New Haven,CT,119.55581809999998,44.26572976595378,279.32007880000003,91.05244724164032,745,5650,51.44,18.86,60.98,42.08,5110,310
Hartford,CT,78.55122442,29.06984220835959,167.2777996,57.73600072176927,603,6318,49.28,21.92,60.26,38.48,5344,313
Dover,DE,104.3690621,44.708309592962806,241.6027338,87.17783556999142,1314,4269,56.84,18.86,66.38,47.48,4605,157
Miami,FL,80.03486685,34.65853925083789,244.49392039999998,108.66139832682123,4351,124,76.64,11.12,82.04,71.06,5710,0
Tampa,FL,77.43193431,35.78090646586644,234.08267090000004,108.67212511571543,3228,630,72.14,17.06,80.78,63.68,5262,0
Fort Lauderdale,FL,87.29557006,31.33576192103286,265.2022789,97.61237971000546,3954,194,75.38,16.34,83.48,67.28,6710,0
Jacksonville,FL,126.6015098,30.561054470053648,348.63844819999997,93.48066455811262,2803,1215,69.25999999999999,16.34,77.54,61.16,4881,-7777
Orlando,FL,80.44185203,33.310238094344285,241.47295330000003,99.39056607834213,3424,571,72.86,19.94,82.75999999999998,62.78,5073,0
Atlanta,GA,76.47264748,45.85083095009558,203.78509499999998,99.35711150587058,1336,3644,58.64,21.38,69.25999999999999,48.02,5304,4
Columbus,GA,126.28020749999999,33.53522945740505,320.6471523,66.25103997247388,2141,2354,64.4,24.08,76.46,52.34,4962,4
Savannah,GA,124.12721029999999,44.8794739553662,345.8688742,111.56316096715621,2458,1811,66.74000000000001,21.38,77.36,56.12000000000001,4796,3
Augusta,GA,97.84620379,60.29131408079871,262.7487223,141.06744073764364,2088,2470,63.86,25.880000000000006,76.82,51.08,4357,9
Honolulu,HI,58.8476797,20.101994573322738,175.6267424,57.86029931249177,3954,1,75.74000000000002,16.34,84.02,67.64,5869,0
Chicago,IL,110.22720530000001,99.3067846849386,248.33360299999998,148.31261477146788,649,6929,47.84,18.14,56.84,38.66,3817,349
Aurora,IL,101.4361324,39.03594269571832,251.9439432,67.99750566423205,890,6291,50.18,17.779999999999994,59.18,41.36,3769,271
Elgin,IL,153.032929,49.426806308619575,379.6877233,77.84338287068469,649,6929,47.84,18.14,56.84,38.66,3817,349
Indianapolis,IN,132.8775529,46.83160380911829,343.9267567,93.16828901610657,909,5704,51.98,19.04,61.34,42.44,4144,196
Fort Wayne,IN,168.4221112,40.71103947519527,410.92678060000003,78.0208451845586,809,6102,50.54,19.76,60.26,40.64,3719,264
Des Moines,IA,58.66212518,45.780387638605966,140.3748752,85.83398797203041,947,6587,49.46,22.46,60.62,38.3,3609,275
Waterloo,IA,111.11961219999999,39.478626491564896,252.50515319999997,70.23686520504852,799,7028,47.84,21.02,58.46,37.4,3460,353
Wichita,KS,150.95832099999998,290.19375777795346,394.396547,345.14794298265593,1573,4650,56.66,23.18,68.18,44.96,3596,129
Lawrence,KS,108.91759259999999,64.3443393571857,270.94227989999996,125.40061844944236,1293,5259,54.14,21.02,64.75999999999999,43.52,3778,106
Louisville,KY,120.60139869999999,48.25944593982681,314.9053863,101.07028869857344,1169,4701,55.22,24.26,67.46,43.16,4526,57
New Orleans,LA,97.24174751,53.626828877947,287.2267765,122.31662451651918,2655,1437,68.36,19.4,78.08,58.64,6250,-7777
Portland,ME,89.06410284,30.30680090457399,218.3564519,71.98930313094488,360,7106,46.58,18.68,55.76,37.22,4725,619
Augusta,ME,97.84620379,60.29131408079871,262.7487223,141.06744073764364,345,7687,44.96,20.84,55.22,34.34,4618,651
Baltimore,MD,132.4652045,44.74341710507346,292.9864839,88.94926676609482,1681,3845,59.18,17.779999999999994,67.82,50.18,4727,80
Hagerstown,MD,111.0228858,26.094388319068923,295.44756010000003,76.5670079862798,789,5326,52.52,19.58,62.24,42.8,4727,326
Boston,MA,102.600172,75.29271497610381,223.8305557,122.00293079245085,561,6392,48.92,20.48,59.18,38.84,4882,554
Springfield,MA,107.81838540000001,60.3096201033085,282.9091583,118.57685742484271,427,6719,47.66,20.48,57.92,37.58,4775,466
Worcester,MA,94.18106876,53.89566068228866,186.310767,88.39391052915494,479,6873,47.48,22.28,58.64,36.32,4868,409
Detroit,MI,101.2383264,75.88267604825963,225.4428301,107.99619658807276,731,6335,49.64,18.32,58.82,40.46,3756,573
Grand Rapids,MI,144.67043569999998,11.963471494507624,321.89304189999996,36.32788516315942,698,6485,49.1,17.779999999999994,57.92,40.28,3875,626
Flint,MI,150.0130806,187.86860661012508,331.14354669999994,221.66424672157703,493,6958,47.3,21.74,58.28,36.32,3167,286
Lansing,MI,99.88213019,41.853297337350924,222.96673450000003,73.94964540793455,666,6589,48.74,18.14,57.74,39.74,3559,508
Minneapolis,MN,104.6946719,53.568951139755924,223.8726337,81.9137600693085,605,7912,44.96,18.86,54.32,35.6,3116,539
Rochester,MN,100.0059074,47.942542995925464,218.8219421,75.67980287355789,467,8222,43.7,23.0,55.22,32.18,3387,458
Kansas City,MO,81.96666413,72.31991226410555,213.39844219999998,124.25837505236237,1201,5309,53.78,22.46,64.94,42.44,4073,171
Columbia,MO,105.98092040000002,54.41576294921013,275.1824728,111.2420944290173,1461,4745,55.94,19.94,65.84,46.04,4628,146
Springfield,MO,107.81838540000001,60.3096201033085,282.9091583,118.57685742484271,1389,4578,56.3,21.56,67.1,45.5,4456,81
Great Falls,MT,109.5752607,37.61663411059829,274.143128,81.69551482444362,366,6980,46.94,24.8,59.36,34.52,1398,639
Omaha,NE,93.72272513,37.08975318723385,236.2780062,81.00140286253006,887,6693,49.1,20.48,59.36,38.84,3156,326
Lincoln,NE,116.18802520000001,45.57231825850249,300.8206074,98.5821124691172,974,6378,50.18,22.64,61.52,38.84,3484,275
North Platte,NE,,68.46040730409355,,115.79833052793508,765,6493,49.28,27.32,62.96,35.6,1989,288
Las Vegas,NV,126.93729180000001,45.15339997754479,359.4009778,97.73471516302747,3941,1691,71.24000000000002,23.72,82.94,59.36,604,0
Manchester,NH,109.108645,54.6026894919124,259.93133969999997,121.8222958994252,441,6928,47.12000000000001,23.18,58.82,35.78,4671,616
Albuquerque,NM,115.76371429999999,65.02407614555183,294.0676722,103.10317750483529,1035,4428,55.76,24.44,68.0,43.34,1630,265
Farmington,NM,98.18018185,160.00986830819159,236.67933280000003,210.34752091256647,741,5405,52.16,31.46,67.82,36.5,1089,141
New York,NY,104.74992459999999,84.28097333894071,241.4989864,140.03487827638054,796,5701,51.44,21.02,62.06,41.18,5004,262
Buffalo,NY,94.96464581,52.2010923337897,224.2064109,81.61687502338002,504,6819,47.66,19.22,57.38,38.12,3497,761
Rochester,NY,100.0059074,47.942542995925464,218.8219421,75.67980287355789,539,6646,48.2,17.779999999999994,57.2,39.38,3427,995
Syracuse,NY,102.0092295,60.736918639020125,221.7473784,92.25688216803822,385,7129,46.58,20.12,56.66,36.32,4301,724
Greensboro,NC,131.4546168,58.71813134892237,350.8786266,154.23295335059817,1643,3258,60.62,22.64,71.78,49.28,4610,18
Cleveland,OH,123.26857279999999,97.06601740963156,279.24478639999995,164.65070724126102,949,5438,52.7,13.279999999999998,59.36,46.04,3635,681
Columbus,OH,126.28020749999999,33.53522945740505,320.6471523,66.25103997247388,980,5473,52.7,22.82,64.04,41.36,4018,210
Cincinnati,OH,106.7594937,57.878298430016365,270.3566694,104.68957575733265,1044,5214,53.6,19.22,63.14,43.88,4617,163
Dayton,OH,88.15615095,123.46390962753507,212.33087999999998,171.88382405726125,1264,5247,54.14,19.04,63.68,44.6,4033,123
Tulsa,OK,110.8417145,59.38956769418066,305.29979289999994,132.6123569012233,1823,3774,59.540000000000006,24.08,71.6,47.66,4135,22
Oklahoma City,OK,120.3758395,64.97753274090124,328.5235923,120.69346833555471,1848,3592,60.26,23.72,71.96,48.38,3211,15
Portland,OR,89.06410284,30.30680090457399,218.3564519,71.98930313094488,330,4447,53.78,21.2,64.22,43.16,4058,9
Salem,OR,89.42501177,39.21440458134653,222.7595444,110.25937866937073,276,4685,52.88,21.2,63.5,42.26000000000001,4697,35
Philadelphia,PA,110.7641953,64.14946957956671,247.2263004,108.79749386722945,1071,4935,54.32,16.34,62.6,46.22,4932,108
Pittsburgh,PA,116.9325957,70.5030749225797,262.0271466,118.84889800892219,857,5564,52.16,18.86,61.52,42.62000000000001,4161,199
Allentown,PA,107.4346429,56.1997876700301,299.1911543,123.74759961176285,1265,4682,55.58,20.66,65.84,45.32,4652,261
Harrisburg,PA,150.82444040000001,63.430674705754825,344.7762892,130.10970531045393,805,5421,52.34,22.1,63.32,41.36,4352,176
Lancaster,PA,130.690697,55.38223467472403,324.9540453,119.53575050896818,934,5321,53.06,19.58,62.78,43.16,3897,183
Providence,RI,80.20023194,10.407229484195742,180.00453480000002,23.296991429389763,616,6115,49.82,20.84,60.26,39.56,5142,362
Newport,RI,113.1304998,40.73143839334989,291.8347903,112.7173201062106,600,5732,50.9,22.28,62.06,39.74,5287,302
Columbia,SC,105.98092040000002,54.41576294921013,275.1824728,111.2420944290173,1598,3371,60.08,29.48,74.84,45.32,4547,10
Charleston,SC,124.49618079999999,49.87316713185593,341.58356989999993,132.48201498623192,2340,2018,65.84,19.22,75.56,56.12000000000001,4973,0
Greenville,SC,129.7423639,40.030115267149476,334.2210408,98.84779224491652,1490,3411,59.72,24.26,71.96,47.66,5594,4
Memphis,TN,112.1825074,49.88042368681936,303.031317,124.18577375553456,2021,3317,61.34,19.4,71.06,51.8,5340,28
Nashville,TN,150.7269549,44.141701025844284,393.6982177,125.6577118972905,1332,4107,57.38,24.62,69.62,45.14,5267,18
Knoxville,TN,139.14474719999998,37.14807062245915,333.29472810000004,99.25468992670395,1339,3955,57.74,23.0,69.25999999999999,46.22,5193,65
Chattanooga,TN,96.62222983,37.64086501902485,271.289067,99.8750553881536,1433,3560,59.18,24.98,71.78,46.58,4499,0
Houston,TX,82.47733256,55.32809916058668,231.72419130000003,116.7923266078672,2586,1469,68.0,18.32,77.18,58.82,5350,0
Dallas,TX,88.02108432,58.128451701062545,260.4726207,141.98093391407562,2463,2429,65.12,23.9,77.0,53.06,4015,7
San Antonio,TX,96.1138494,41.376379342128686,284.63120810000004,103.62349348422545,2364,2049,65.84,24.8,78.25999999999998,53.42,3810,-7777
Austin,TX,83.45718866,42.98109811087697,242.5265125,93.41574038481504,2710,1918,67.28,24.26,79.16,55.04,3489,6
Salt Lake City,UT,134.5682814,66.46771570489935,315.097126,107.4892087401292,21,9639,38.66,18.32,47.84,29.48,5423,5461
Ogden,UT,149.5257612,50.792128336138184,346.1957505,84.4634320619675,1174,5670,52.7,17.240000000000002,61.34,44.06,1338,485
Virginia Beach,VA,69.98037327,58.19740011881584,195.8494603,121.3419742665417,1647,3215,60.62,16.520000000000003,69.08,52.34,5079,58
Richmond,VA,112.7045206,43.936039385257565,315.2141142,103.40617739623094,1292,4096,57.38,20.66,67.64,46.94,4341,165
Hampton,VA,97.87837459999999,38.02784278816564,271.50766200000004,99.75304146535058,1836,2958,61.88,17.06,70.34,53.42,5079,49
Seattle,WA,79.72324338,36.055702903770324,195.3535939,90.92973500324426,165,4919,51.98,16.88,60.44000000000001,43.52,5637,35
Charleston,WV,124.49618079999999,49.87316713185593,341.58356989999993,132.48201498623192,924,4955,53.96,23.36,65.66,42.26000000000001,4622,264
Milwaukee,WI,112.4038374,61.21931445891554,248.7961685,93.83842606463809,568,7304,46.58,18.5,55.76,37.22,3450,359
Madison,WI,125.285525,55.60126911948489,303.7062517,86.48992967834495,597,7283,46.76,21.38,57.38,35.96,3727,379
Green Bay,WI,92.15910753,22.648929694914532,222.37602489999998,47.65993572698103,358,7885,44.42,18.5,53.6,35.06,3127,514
